,City,Cloudiness,Country,Humidity,Lat,Max Temp,Wind Speed
0,Chemal,0,RU,74,51.41,13.31,1.92
1,Chaman,88,AF,97,30.92,40.31,1.7
2,Bubaque,0,GW,94,11.28,77.39,3.04
3,Vaini,0,IN,85,15.34,56.96,2.26
4,Ambon,90,FR,93,47.55,54,13.87
5,Los Llanos de Aridane,90,ES,68,28.66,64.4,9.17
6,Mar del Plata,8,AR,47,-46.43,66.36,16.02
7,Faanui,44,PF,100,-16.48,82.88,5.95
8,Arraial do Cabo,92,BR,93,-22.97,80.9,11.65
9,Vanimo,68,PG,97,-2.67,83.24,10.98
10,Dikson,32,RU,76,73.51,-7.71,5.95
11,Robertson,0,ZA,98,-33.8,54.03,2.04
12,Rikitea,0,PF,100,-23.12,79.1,9.86
13,Komsomolskiy,36,RU,62,67.55,-8.3,5.39
14,Novopskov,64,UA,94,49.54,22.22,4.72
15,Lusambo,32,CD,96,-4.97,71.49,2.04
16,Bethel,90,US,86,60.79,33.8,10.29
17,Kartaly,88,RU,87,53.05,19.88,9.31
18,Punta Arenas,75,CL,76,-53.16,53.6,10.29
19,Jiayuguan,0,CN,44,39.77,2.51,3.04
20,Hermanus,0,ZA,91,-34.42,66,1.01
21,Ampanihy,64,MG,95,-24.69,73.79,6.62
22,Albany,90,US,55,42.65,36,2.37
23,Novoselytsya,0,UA,73,48.22,25,3.6
24,Aketi,32,CD,98,2.74,69.65,2.26
25,Isangel,36,VU,94,-19.55,83.28,12.77
26,Ushuaia,40,AR,66,-54.81,51.8,2.24
27,Lucea,20,JM,69,18.44,78.8,10.29
28,Barrow,0,AR,66,-38.31,60.96,7.07
29,Brindisi,0,IT,87,40.63,52,11.41
30,Sept-Iles,20,CA,40,50.2,17.6,5.82
31,Avarua,8,CK,79,-21.21,86,9.17
32,Nome,90,US,77,30.04,73,5.82
33,Sheridan,90,US,92,39.65,19,14.99
34,Santa catarina de Tepehuanes,0,MX,18,25.34,75.81,8.19
35,Mataura,0,NZ,69,-46.19,64,8.99
36,Vardo,90,US,70,39.62,44.6,8.05
37,Pavlovskiy Posad,0,RU,72,55.78,21,4.47
38,New Norfolk,75,AU,82,-42.78,66.99,4.7
39,Pisco,0,PE,30,-13.71,71.6,20.8
40,Churapcha,0,RU,72,62,-16.89,2.82
41,Dhidhdhoo,24,MV,100,6.88,82.61,10.42
42,Thinadhoo,44,MV,100,0.53,82.52,11.99
43,Kaitangata,0,NZ,78,-46.28,65.64,3.83
44,Mayumba,32,GA,100,-3.44,77.79,7.29
45,Iqaluit,20,CA,69,63.75,-13.01,17.22
46,Ribeira Grande,8,PT,98,38.52,60.29,23.51
47,La Asuncion,48,EC,97,-1.64,48.86,1.7
48,Puerto Escondido,20,MX,74,15.86,82.4,11.41
49,Cacador,0,BR,67,-26.78,61.46,4.94
50,Koulikoro,0,ML,18,12.86,69.8,5.82
51,Burnie,92,AU,83,-41.05,73.99,3
52,Busselton,0,AU,46,-33.64,66,13.22
53,Kavieng,0,PG,97,-2.57,84.95,4.27
54,Flinders,0,AU,57,-34.58,82.99,5.82
55,Otane,0,NZ,51,-39.89,71.01,1.01
56,Port Alfred,80,ZA,77,-33.59,69.01,1.01
57,Butaritari,68,KI,100,3.07,82.43,15.68
58,Thompson,90,CA,63,55.74,-7.61,8.05
59,East London,88,ZA,100,-33.02,71.45,2.15
60,Fukuma,75,JP,93,33.77,48.99,2.24
61,Nanortalik,88,GL,96,60.14,30.41,7.29
62,Sobolevo,48,RU,79,54.43,15.02,14.79
63,Atuona,0,PF,100,-9.8,81.17,8.75
64,Hobart,75,AU,82,-42.88,66.99,4.7
65,Mtambile,56,TZ,100,-5.38,82.38,6.62
66,Klaksvik,92,FO,86,62.23,41,19.46
67,Ostrovnoy,0,RU,65,68.05,2.06,10.76
68,Linxia,0,CN,41,35.6,9.21,4.94
69,Pleshanovo,92,RU,74,57.46,35.6,17.9
70,Port Hedland,92,AU,74,-20.31,82.4,6.93
71,Bredasdorp,56,ZA,88,-34.53,66,3.36
72,Alofi,76,NU,70,-19.06,86,8.05
73,Baoqing,0,CN,73,46.32,29.87,4.83
74,Hilo,1,US,57,19.71,77,10.29
75,Mahebourg,75,MU,83,-20.41,80.01,6.93
76,Alta,24,NO,77,69.97,3.2,11.41
77,Midland,44,US,81,32,51.8,9.17
78,Saquena,0,PE,81,-4.67,82.25,3.15
79,Cockburn Town,12,TC,96,21.46,78.38,18.25
80,Kapaa,40,US,57,22.08,78.8,13.87
81,Tual,44,ID,100,-5.67,80.63,5.95
82,Touros,40,BR,94,-5.2,78.8,5.82
83,Lavrentiya,56,RU,100,65.58,17.58,2.82
84,Santo Amaro da Imperatriz,0,BR,83,-27.69,78.8,2.24
85,Geraldton,75,CA,42,49.72,8.6,10.29
86,Lorengau,8,PG,92,-2.02,84.86,6.96
87,Inhambane,20,MZ,99,-23.87,77.84,8.19
88,Castro,20,CL,72,-42.48,59,4.7
89,Salalah,40,OM,21,17.01,78.8,10.29
90,Bambous Virieux,75,MU,83,-20.34,80.01,6.93
91,Jamestown,0,AU,22,-33.21,90.66,9.98
92,Ponta do Sol,80,BR,96,-20.63,66.32,3.71
93,Atbasar,88,KZ,96,51.81,29.01,26.31
94,Coahuayana,0,MX,29,18.62,86.84,2.82
95,Tasiilaq,68,GL,85,65.61,14,3.49
96,Shelburne,90,CA,92,44.08,30.2,6.93
97,Saskylakh,20,RU,36,71.97,-24.72,2.93
98,Aasiaat,76,GL,94,68.71,18.98,2.59
99,Jinxi,92,CN,98,27.92,47.19,2.93
100,Kedougou,0,SN,33,12.56,64.11,6.4
101,Victoria,75,BN,94,5.28,77,1.14
102,Banepa,40,NP,93,27.63,46.4,2.24
103,Ola,0,RU,100,59.58,2.15,7.4
104,Severo-Kurilsk,0,RU,100,50.68,26.76,14
105,Tuktoyaktuk,20,CA,64,69.44,-0.41,16.11
106,Hamilton,75,BM,88,32.3,69.8,19.46
107,Medvedovskaya,0,RU,92,45.45,33.01,6.71
108,Cidreira,36,BR,53,-30.17,77.48,10.31
109,Puerto Ayora,20,EC,66,-0.74,86,9.17
110,High Level,20,CA,45,58.52,5,4.7
111,Orcopampa,80,PE,97,-15.27,36.26,2.26
112,Birjand,0,IR,80,32.86,35.6,6.93
113,Grand Gaube,75,MU,83,-20.01,80.01,6.93
114,Talnakh,76,RU,85,69.49,16.1,16.24
115,Gravdal,92,NO,93,59.79,45,20.8
116,Pevek,24,RU,79,69.7,-4.61,3.94
117,Cherskiy,56,RU,82,68.75,-5.19,9.19
118,North Bend,1,US,71,43.41,54,18.34
119,Athabasca,0,CA,71,54.72,-0.02,9.64
120,Slave Lake,1,CA,70,55.28,-4.01,10.29
121,Krasnoznamensk,44,RU,89,54.94,28.07,14.56
122,Barra do Garcas,32,BR,86,-15.89,76.94,1.25
123,Nikolskoye,75,RU,73,59.7,26.6,22.37
124,Vidim,0,CZ,93,50.47,44.01,13.87
125,Coquimbo,40,CL,72,-29.95,64.4,6.93
126,Mayo,5,CA,34,63.59,19.4,14.99
127,Tiksi,0,RU,32,71.64,-22.43,4.05
128,Denpasar,20,ID,88,-8.65,80.6,5.82
129,Puerto Colombia,75,CO,74,10.99,78.8,8.05
130,Fort-Shevchenko,88,KZ,100,44.51,38.6,14.12
131,Les Cayes,44,HT,98,18.19,78.65,12.66
132,Cape Town,20,ZA,93,-33.93,69.01,8.05
133,Port Elizabeth,90,US,93,39.31,39.99,5.82
134,Kungurtug,44,RU,67,50.6,2.6,3.71
135,Ponta Delgada,40,PT,88,37.73,62.6,23.04
136,Kodiak,90,US,48,39.95,27,11.41
137,San Andres,0,PH,100,13.32,77.66,9.42
138,Cheremukhovo,0,RU,84,56.23,4.89,6.17
139,Lebu,8,ET,74,8.96,46.25,3.38
140,Fare,0,PF,100,-16.7,84.14,6.17
141,Mukhen,24,RU,66,48.19,27.08,2.59
142,Yasnyy,88,RU,79,64.04,13.67,5.39
143,Georgetown,75,GY,78,6.8,80.6,6.93
144,Khatanga,48,RU,46,71.98,-15.99,2.71
145,Bluff,0,AU,47,-23.58,81.26,12.44
146,Virginia Beach,90,US,87,36.85,46.4,3.04
147,Loukhi,0,RU,78,66.08,4.04,4.72
148,Noshiro,75,JP,100,40.21,30.2,8.3
149,Daru,68,SL,43,7.99,82.25,1.81
150,Tocopilla,8,CL,83,-22.09,66.81,4.61
151,Songjianghe,0,CN,73,42.18,27.48,3.94
152,Port-Gentil,20,GA,88,-0.72,80.6,3.36
153,Road Town,40,VG,65,18.42,78.8,9.17
154,Upernavik,20,GL,100,72.79,0.35,0.13
155,Dongkan,92,CN,81,34,41.88,3.15
156,Qaanaaq,0,GL,61,77.48,3.32,17.25
157,Tymovskoye,32,RU,62,50.85,13.26,3.38
158,Souillac,0,FR,93,45.6,48.99,8.05
159,Belyy Yar,75,RU,92,53.6,24.8,2.24
160,Berlevag,75,NO,68,70.86,26.6,24.16
161,Duldurga,0,RU,73,50.67,13.53,6.4
162,Yamada,75,JP,69,36.58,41,1.12
163,Alyangula,12,AU,79,-13.85,84.2,4.7
164,Balabac,0,PH,100,7.99,80.27,10.31
165,Tura,0,IN,76,25.52,49.71,2.59
166,Jutai,88,BR,98,-1.71,75.32,3.6
167,Padang,40,ID,88,-0.92,80.6,3.36
168,Tweed,90,CA,92,44.48,30.2,4.7
169,Marawi,80,PH,86,8,77,1.99
170,Port Macquarie,40,AU,69,-31.43,75.2,3.36
171,Hofn,56,IS,100,64.25,36.44,17.47
172,Batagay,56,RU,70,67.65,-24.23,3.38
173,Vanavara,12,RU,83,60.35,10.52,2.59
174,Lebanon,90,US,63,43.64,32,3.36
175,Beringovskiy,44,RU,89,63.05,28.34,15.46
176,Brae,76,GB,87,60.4,46.4,13.87
177,Tezu,0,IN,53,27.93,46.29,2.04
178,Muisne,0,EC,74,0.61,84.2,3.36
179,Fortuna,0,ES,87,38.18,55.99,3.36
180,Abrau-Dyurso,80,RU,84,44.7,32,6.71
181,Coruripe,64,BR,94,-10.12,82.97,11.1
182,Codrington,90,AU,94,-28.95,77,1.12
183,Port Lincoln,92,AU,79,-34.72,71.36,16.02
184,Yellowknife,40,CA,44,62.45,-0.41,6.93
185,Beisfjord,0,NO,72,68.38,17.01,9.17
186,Lingao,44,CN,91,19.91,72.26,4.38
187,Slavyanka,0,RU,86,42.86,38.33,12.21
188,Gobabis,0,NA,47,-22.45,63.89,4.38
189,Dingle,36,PH,82,11,77.12,9.98
190,Umm Lajj,0,SA,100,25.02,55.34,7.63
191,Juba,92,EE,89,57.82,35.01,19.46
192,Khash,0,IR,80,28.22,28.38,2.71
193,Pingdingshan,0,CN,82,33.74,33.38,2.93
194,Srednekolymsk,56,RU,60,67.46,-7.31,4.27
195,Lexington,90,US,93,38.05,42.8,6.06
196,Kosonsoy,90,UZ,75,41.25,44.6,2.15
197,Longyearbyen,40,NO,77,78.22,3.2,8.05
198,Auki,8,NG,45,12.18,68.48,3.71
199,Sann,40,PK,87,26.04,57.2,4.7
200,Sivaki,0,RU,63,52.63,8.49,2.59
201,Katangli,0,RU,100,51.71,11.78,7.74
202,Tuatapere,0,NZ,69,-46.13,64,8.99
203,Uaua,92,BR,38,-9.84,86.43,9.64
204,Jardim,8,BR,76,-21.48,77.66,5.17
205,Chokurdakh,64,RU,75,70.62,-11.72,16.24
206,Valdivia,92,CL,59,-39.81,62.6,5.82
207,Nisia Floresta,75,BR,78,-6.09,80.6,9.17
208,Provideniya,20,RU,96,64.42,27.48,7.4
209,Portland,20,US,42,45.52,48.99,20.8
210,East Chicago,75,US,74,41.64,30.99,8.63
211,Nuuk,90,GL,92,64.17,24.8,6.93
212,Oranjemund,92,ZA,90,-28.55,63.26,13.33
213,Mwanza,75,TZ,83,-2.52,69.8,5.73
214,Pochutla,20,MX,74,15.74,86,11.41
215,Saldanha,8,PT,78,41.42,37.52,4.94
216,Mocuba,92,MZ,94,-16.84,75.68,2.71
217,Kailua,75,US,73,21.39,75.99,6.93
218,Mosbach,90,DE,87,49.35,50,16.11
219,Sao Filipe,0,CV,87,14.9,72.8,14.79
220,Vallenar,0,CL,86,-28.58,65.24,1.92
221,Slovenska Bistrica,44,SI,86,46.39,44.6,1.12
222,Rawson,20,AR,36,-43.3,70.41,7.63
223,Placido de Castro,8,BR,76,-10.34,79.73,3.38
224,Sitka,80,US,75,37.17,27,5.01
225,Bandarbeyla,0,SO,100,9.49,77.16,4.16
226,Ilulissat,75,GL,85,69.22,15.8,8.05
227,Kamaishi,40,JP,80,39.28,30.2,3.36
228,Killybegs,48,IE,70,54.63,44.01,17
229,Caconda,24,AO,93,-13.73,57.95,1.92
230,Sakaiminato,90,JP,65,35.55,46.4,1.12
231,Harstad,0,NO,72,68.8,17.01,9.17
232,Kharabali,0,RU,91,47.41,27.62,10.76
233,Tigil,8,RU,71,57.8,-2.63,3.15
234,Griffith,0,AU,30,-34.29,89.01,10.29
235,Santa Fe,0,AR,61,-31.62,75.99,7
236,Port Blair,8,IN,100,11.67,80.9,13.22
237,Thomaston,75,US,82,32.89,68,5.82
238,Saint-Philippe,90,CA,68,45.36,28,7.29
239,Kholodnyy,0,RU,51,62.72,-20.04,3.38
240,Acari,92,BR,96,-6.44,70.91,4.05
241,Itapaci,44,BR,92,-14.95,72.26,2.48
242,Torbay,20,CA,57,47.66,25,17.22
243,Bolshoy Lug,0,RU,92,52.08,14,6.71
244,Winnemucca,90,US,94,40.97,35.6,10.29
245,Margate,75,AU,82,-43.03,66.99,4.7
246,Tayu,75,JP,100,35.06,48.99,6.93
247,Norman Wells,20,CA,46,65.28,8.6,11.41
248,Tarakan,75,ID,88,3.3,77,3.83
249,Ancud,20,CL,72,-41.87,59,4.7
250,Nantucket,90,US,100,41.28,33.8,10.29
251,Sao Jose da Coroa Grande,80,BR,83,-8.9,80.36,6.06
252,Lumeje,48,AO,95,-11.56,65.78,2.93
253,Haines Junction,80,CA,83,60.75,16.14,2.15
254,Verkhnyaya Inta,0,RU,65,65.99,-0.65,3.6
255,Rinconada,5,MX,32,25.68,84.99,6.93
256,Kruisfontein,0,ZA,89,-34,60.51,2.04
257,San Patricio,0,PY,67,-26.98,77.43,3.38
258,Sur,0,OM,100,22.57,67.13,17.81
259,Mbaiki,8,CF,97,3.87,69.02,2.04
260,Fort Nelson,5,CA,38,58.81,6.8,3.15
261,Itaituba,48,BR,79,-4.26,80.18,2.37
262,Machico,40,PT,77,32.7,62.6,6.93
263,Chapleau,75,CA,72,47.85,17.6,3.36
264,Dongsheng,0,CN,87,29.72,36.39,2.82
265,Fairview,90,US,69,40.81,39.99,4.7
266,Zyryanka,20,RU,64,65.73,-8.61,2.59
267,Kloulklubed,75,PW,78,7.04,80.6,5.82
268,Corumba,20,BR,78,-19,80.6,8.05
269,Chicama,20,PE,88,-7.84,77,11.41
270,Nanakuli,75,US,57,21.39,75.99,12.75
271,Sorong,56,ID,100,-0.86,81.03,7.07
272,Peace River,20,CA,53,56.23,-5.81,9.17
273,Charlottetown,90,CA,73,46.23,24.01,8.05
274,Husavik,32,CA,70,50.56,-4.01,3
275,Ayr,40,GB,65,55.46,46.4,23.04
276,Vrangel,0,RU,91,42.73,36.21,7.96
277,Kirakira,20,SB,100,-10.46,82.7,8.41
278,Arteaga,5,MX,32,25.45,84.99,6.93
279,Bathsheba,20,BB,73,13.22,77,21.92
280,San Antonio,20,CL,82,-33.58,60.8,5.82
281,Fallon,0,US,63,46.84,-4.92,10.09
282,Snasa,88,NO,72,64.25,22.76,8.41
283,Mountain Home,40,US,60,43.13,44.01,9.17
284,Dongfeng,0,CN,65,42.67,33.24,3.71
285,Taoudenni,0,ML,41,22.68,47.19,3.15
286,Sao Joao da Barra,20,BR,74,-21.64,80.6,2.24
287,Chiang Klang,0,TH,100,19.29,64.4,2.24
288,Gornopravdinsk,88,RU,77,60.06,19.97,6.73
289,Severo-Yeniseyskiy,48,RU,82,60.37,13.94,3.15
290,Xining,0,CN,58,36.62,6.24,2.59
291,Hami,0,CN,54,42.84,22.71,4.27
292,Mingguang,68,CN,91,32.78,42.96,3.49
293,Evensk,0,RU,100,61.92,0.71,13.78
294,Maniitsoq,88,GL,100,65.42,20.24,7.85
295,Maple Creek,0,CA,68,49.91,-11.63,9.98
296,Beloha,8,MG,93,-25.17,75.95,6.17
297,Fresnillo,5,MX,12,23.17,78.8,17.22
298,Port Moresby,40,PG,66,-9.47,86,5.82
299,Zhigansk,8,RU,68,66.77,-15.36,3.04
300,Fairbanks,90,US,62,64.84,27,1.59
301,Batticaloa,92,LK,100,7.71,79.28,8.3
302,Katsuura,90,JP,87,33.93,48.99,6.93
303,Artyom,0,RU,68,43.36,26.6,2.71
304,Shakawe,0,BW,54,-18.36,72.89,6.17
305,Skjervoy,36,NO,100,70.03,24.02,13.56
306,Carnarvon,0,ZA,60,-30.97,59.12,8.08
307,Damghan,0,IR,76,36.17,30.59,1.7
308,Senneterre,90,CA,92,48.39,17.6,9.17
309,Dukat,80,RS,76,42.44,36,1.01
310,Kinshasa,20,CD,83,-4.32,78.8,3.36
311,Okhotsk,0,RU,100,59.36,2.19,1.92
312,Oberhausen-Rheinhausen,90,DE,81,49.27,50,17.22
313,Adrar,0,DZ,21,27.87,62.6,11.41
314,Port Hardy,20,CA,60,50.7,42.8,5.82
315,Bambanglipuro,80,ID,97,-7.95,74.64,3.94
316,Linjiang,0,CN,73,41.81,27.48,3.94
317,Vulcan,0,CA,78,50.4,-3,4
318,Pimentel,64,BR,100,-3.7,74.46,3.04
319,Yairipok,0,IN,79,24.67,46.38,3.27
320,Nizwa,0,OM,73,22.93,40.76,2.82
321,Najran,0,SA,53,17.54,52.86,2.59
322,Mbuji-Mayi,32,CD,92,-6.13,68.79,2.59
323,Tagusao,0,PH,91,9.19,78.24,6.51
324,Namtsy,75,RU,74,62.72,-22.01,2.93
325,Dwarka,75,IN,93,28.58,63,3.36
326,Praya,40,ID,94,-8.71,77,3.36
327,Stonewall,40,CA,58,50.13,-4.01,13.87
328,College,90,US,62,64.86,27,1.59
329,Dangriga,40,BZ,74,16.97,82.4,9.17
330,Kobe,75,JP,49,34.69,50,6.93
331,Mazatlan,20,MX,36,23.22,80.6,9.17
332,Chuy,0,UY,78,-33.69,67.85,15.01
333,Dunedin,0,NZ,51,-45.87,69.01,8.01
334,Guerrero Negro,32,MX,53,27.97,68.79,11.65
335,Northam,92,GB,87,51.04,51.01,17.22
336,Te Anau,0,NZ,41,-45.41,68.61,3.6
337,Khandbari,0,NP,54,27.38,22.08,1.59
338,Cukai,75,MY,100,4.25,69.8,3.36
339,Novoseleznevo,92,RU,93,55.68,25.55,19.71
340,Lake Havasu City,75,US,31,34.47,80.6,17.22
341,Yuzhno-Kurilsk,20,RU,97,44.03,30.14,15.12
342,Rabat,40,MA,93,34.02,55,3.36
343,Nadigaon,56,IN,63,26.09,60.02,5.17
344,Udachnyy,64,RU,67,66.42,1.25,3.15
345,Long Beach,40,US,94,30.35,73.4,3.36
346,Kahului,40,US,51,20.89,80.6,18.34
347,Labe,88,NG,93,7.7,74.19,9.64
348,Saint-Leu,0,RE,69,-21.15,80.6,4.7
349,Loei,32,TH,100,17.49,64.4,2.48
350,Amarpatan,88,IN,73,24.32,62.27,6.73
351,Sambava,80,MG,100,-14.27,77.43,9.19
352,Biloela,24,AU,59,-24.4,77.21,14.12
353,San Policarpo,88,PH,98,12.18,77.39,8.19
354,Verkh-Chebula,12,RU,78,56.03,12.05,2.93
355,Tilzapotla,75,MX,25,18.48,96.01,3.36
356,Pacific Grove,75,US,93,36.62,63,10.29
357,Honningsvag,44,NO,100,70.98,22.67,13.44
358,Santa Cruz de Tenerife,64,ES,87,28.47,64.99,5.82
359,Rosarito,80,CO,63,4.91,75.2,4.7
360,Caborca,0,MX,30,30.58,79,11.01
361,Kijang,0,KR,66,35.24,48.2,4.7
362,Alto Araguaia,24,BR,95,-17.32,71.58,2.82
363,Sibolga,76,ID,100,1.74,71.31,0.92
364,Portree,92,GB,89,57.41,48,25.99
365,Ulkan,92,RU,81,57.24,17.94,2.37
366,Yumen,0,CN,42,40.29,16.1,2.04
367,Colac,92,AU,34,-38.34,91,1.01
368,Sterling,90,US,70,39,45,8.05
369,Guarapari,40,BR,83,-20.67,82.4,10.29
370,Kidal,0,ML,35,18.44,52.91,4.83
371,Hosakote,24,IN,43,16.06,68.12,3.15
372,Esperance,75,TT,69,10.24,79,9.17
373,Mattru,0,SL,64,7.62,79.46,6.29
374,Smithers,5,CA,28,54.78,15.8,2.48
375,Lardos,40,GR,93,36.09,55.4,5.82
376,Kurumkan,76,RU,62,54.33,0.66,1.36
377,Gouyave,20,GD,78,12.16,78.8,11.41
378,Maltahohe,0,NA,35,-24.83,70.64,7.96
379,Richards Bay,92,ZA,100,-28.77,72.62,9.75
380,Bogorodskoye,24,RU,66,52.37,14.16,1.92
381,Mindelo,75,PT,87,41.31,53.6,5.82
382,Pangnirtung,20,CA,69,66.15,-16.13,2.37
383,Worland,90,US,65,44.02,8.01,5.06
384,Oksovskiy,88,RU,85,62.61,17.36,7.63
385,Cabra,0,ES,87,37.47,54,1.12
386,Leningradskiy,44,RU,100,69.38,5.66,6.96
387,Fairmont,90,US,78,40.64,15.8,17.22
388,Cabo San Lucas,20,MX,21,22.89,84.99,13.87
389,Oriximina,24,BR,80,-1.77,80.49,3.71
390,Helong,92,CN,97,25.94,53.58,2.15
391,Big Rapids,1,US,53,43.7,28.99,7.63
392,Shingu,75,JP,70,33.72,48.2,5.82
393,Abalak,8,NE,46,15.46,57.18,5.28
394,Kifri,0,IQ,86,34.69,36.08,5.17
395,Songea,40,TZ,88,-10.68,69.8,1.36
396,Oltenesti,0,RO,73,46.58,21.2,2.82
397,Maningrida,48,AU,88,-12.05,81.93,8.19
398,Saint-Joseph,0,FR,87,43.56,52,3.36
399,Bela,92,PK,100,26.23,53.81,3.38
400,Royan,0,FR,93,45.62,53.6,8.05
401,Vestmannaeyjar,0,IS,100,63.44,30.59,7.07
402,Diffa,0,NE,24,13.32,78.83,11.99
403,Bangui,8,CF,88,4.39,73.4,3.83
404,Kindu,80,CD,100,-2.95,68.39,2.59
405,Doembang Nangbuat,0,TH,81,14.85,81,9.98
406,Ketchikan,1,US,32,55.34,39.2,17.22
407,Hithadhoo,64,MV,100,-0.6,82.43,12.77
408,Buala,92,SB,75,-8.15,85.71,2.82
409,Sosnovo-Ozerskoye,0,RU,51,52.53,2.24,5.17
410,Svetlogorsk,90,RU,92,53.14,17.6,6.71
411,Romitan,40,UZ,87,39.93,42.8,6.93
412,Barranca,0,PE,98,-10.75,73.79,13
413,Shimoda,75,JP,87,34.7,48.2,17.22
414,Elk Plain,90,US,53,47.04,51.01,13.87
415,Takoradi,76,GH,100,4.89,81.71,7.85
416,Kunming,0,CN,52,25.04,46,8.95
417,Sladkovo,92,RU,92,55.53,23.3,21.27
418,Chupa,75,PE,50,-15.11,55.4,4.7
419,Aras,0,YE,80,14.28,42.74,0.69
420,Benjamin Constant,0,BR,83,-4.38,78.8,3.36
421,Bereda,75,ES,81,43.27,57,8.05
422,Jining,92,CN,82,35.41,42.11,2.82
423,Vila Franca do Campo,40,PT,88,37.72,62.6,23.04
424,Pedra Branca,76,BR,87,-5.46,73.83,5.28
425,Lompoc,90,US,87,34.64,61,11.41
426,Mahajanga,40,MG,94,-15.72,80.6,2.24
427,Krasnouralsk,92,RU,94,58.36,26.76,2.82
428,Muravlenko,92,RU,91,63.79,22.85,8.19
429,Iquique,0,CL,64,-20.22,73.4,21.92
430,Meridian,90,US,76,32.36,60.8,4.7
431,Oro Valley,75,US,28,32.39,75.99,8.05
432,Kolpashevo,0,RU,77,58.31,4.58,5.06
433,Palm Coast,90,US,83,29.55,73.99,6.93
434,Manuk Mangkaw,0,PH,100,4.8,80.81,8.63
435,Pueblo Nuevo,0,MX,62,23.99,75.99,5.01
436,Pullman,1,US,58,46.73,32,14.99
437,Manga,88,BF,34,11.67,71.99,2.93
438,Aklavik,5,CA,59,68.22,5,12.75
439,Hasaki,75,JP,80,35.73,41,4.7
440,La Ronge,75,CA,63,55.1,-5.81,17.22
441,Camacha,20,PT,82,33.08,62.6,2.24
442,Sosnovka,64,RU,87,53.23,14.43,8.19
443,Oyugis,32,KE,92,-0.51,56.73,2.48
444,Tomaszow Lubelski,0,PL,87,50.45,21,2.93
445,Great Falls,1,US,69,47.5,-6,4.7
446,Grand-Lahou,64,CI,81,5.24,79.46,3.83
447,Marginea,0,RO,73,47.81,25,3.36
448,Bani,36,PH,82,15.89,72.89,5.28
449,Akhisar,75,TR,93,38.92,37.4,4.7
450,Juneau,90,US,47,58.3,35.6,14.99
451,Seoul,1,KR,80,37.57,32,3.36
452,Rabo de Peixe,75,PT,93,37.8,62.6,23.04
453,Kazachinskoye,76,RU,89,57.69,19.11,2.59
454,Kokoda,12,PG,79,-8.88,73.79,1.14
455,Zlobin,20,HR,61,45.29,46.4,2.24
456,San Miguel,0,AR,64,-34.54,73.99,4.7
457,Lipin Bor,88,RU,88,60.26,18.8,19.71
458,Kvarkeno,68,RU,91,52.08,22.89,10.65
459,Blytheville,90,US,86,35.93,42.8,9.17
460,Lakes Entrance,0,AU,34,-37.88,88,6.17
461,Ryotsu,0,JP,64,38.08,39.2,4.7
462,Sabzevar,0,IR,75,36.21,28.79,2.71
463,Baie-Saint-Paul,88,CA,89,47.44,15.56,2.15
464,Leirvik,92,NO,93,59.78,45,21.92
465,Hojai,0,IN,84,26,49.04,1.03
466,Bataipora,0,BR,54,-22.3,80.27,5.17
467,Rome,20,IT,93,41.89,52,4.7
468,Narsaq,56,GL,37,60.91,33.8,5.82
469,Boende,24,CD,95,-0.28,71.45,2.04
470,Avera,1,US,77,33.19,71.6,3.49
471,Stawell,88,AU,26,-37.06,89.01,7
472,Sao Felix do Xingu,20,BR,91,-6.64,75.68,2.59
473,Makakilo City,75,US,64,21.35,75.99,9.17
474,Nipawin,40,CA,58,53.36,-4.01,18.34
475,Nishihara,90,JP,80,35.74,44.01,4.7
476,Novo Cruzeiro,92,BR,59,-17.47,77.61,6.51
477,Wielun,88,PL,92,51.22,32.3,9.31
478,Anuradhapura,20,LK,95,8.34,73.25,5.17
479,Kavaratti,32,IN,100,10.57,81.17,9.19
480,Khasan,0,RU,69,42.43,38.46,8.3
481,Ukiah,90,US,67,39.15,57.99,3.36
482,Kangaatsiaq,76,GL,100,68.31,16.41,12.66
483,Antofagasta,75,CL,72,-23.65,68,16.11
484,Isiro,0,CD,93,2.77,67.08,1.81
485,Havelock,1,US,76,34.88,55.99,6.93
486,Liwale,44,TZ,94,-9.8,70.41,2.15
487,Mount Isa,0,AU,39,-20.73,84.2,11.41
488,Two Hills,36,CA,74,53.71,-4.11,12.44
489,Yzeure,20,FR,93,46.57,44.01,4.7
490,Baiyin,0,CN,92,36.55,15.8,4.47
491,Sabha,0,LY,63,27.03,47.24,3.27
492,Selaphum,20,TH,73,16.03,77,4.7
493,Palmer,40,US,54,61.6,36,2.93
494,Qingdao,92,CN,55,36.09,39.2,2.24
495,Phitsanulok,20,TH,78,16.82,82,4.7
496,Loxstedt,75,DE,87,53.47,50,16.11
497,Guane,0,CU,61,22.2,78.47,2.26
498,Gizo,75,IL,81,31.8,48.99,1.12
499,Lewiston,90,US,79,46.42,32,5.82
500,Clarence Town,12,AU,54,-32.59,82.99,11.41
501,Hailey,5,US,58,43.52,28.4,8.05
502,Hay River,20,CA,49,60.82,-2.21,2.59
503,Staryy Nadym,0,RU,69,65.61,-5.46,3.15
504,Roald,44,NO,80,62.58,41,10.29
505,Quelimane,20,MZ,88,-17.88,80.6,5.82
506,Sao Borja,0,BR,49,-28.66,79.41,8.3
507,Ishinomaki,0,JP,56,38.42,41,4.7
508,Yaring,8,TH,86,6.87,73.83,4.5
509,Praia da Vitoria,40,PT,82,38.73,59,28.77
510,Zhigalovo,64,RU,71,54.81,14.57,2.15
511,Saquarema,75,BR,94,-22.93,80.6,2.24
512,Chumikan,64,RU,65,54.72,14.88,2.71
513,Atherton,0,GB,65,53.52,48.99,13.87
514,Gander,20,CA,67,48.95,19.4,17.22
515,Maxixe,20,MZ,99,-23.86,77.84,8.19
516,Progreso,20,UY,68,-34.68,72,4.7
517,Fougamou,20,GA,94,-1.22,71.18,2.37
518,Leh,76,IN,81,34.16,-1.55,0.25
519,Piopio,92,CL,77,-42.79,59,3.36
520,Broome,90,GB,100,52.47,54,19.46
521,Kanchanaburi,0,TH,80,14.03,75.54,3.38
522,Nyurba,0,RU,63,63.29,-3.8,2.59
523,Valdemarpils,90,LV,87,57.37,37.4,14.99
524,Sola,90,FI,85,62.78,19.99,14.99
525,Matay,0,EG,73,28.42,41.12,3.94
526,Plaster Rock,1,CA,41,46.91,21.99,6.93
527,Conde,68,BR,83,-11.81,81.93,6.96
528,Myitkyina,0,MM,87,25.38,51.78,2.37
529,Halifax,90,CA,58,44.65,30.99,16.11
530,Havoysund,48,NO,92,71,23,26.4
531,Salta,75,AR,68,-24.79,75.2,8.05
532,Shenjiamen,92,CN,100,29.96,46.34,13
533,Monywa,0,MM,80,22.12,58.44,5.5
534,Shestakovo,68,RU,82,56.49,17.49,2.37
535,Labuhan,76,ID,93,-2.54,74.91,1.14
536,Ejido,36,VE,76,8.55,63.93,0.81
537,Kamenka,56,RU,85,53.19,11.73,8.75
538,Chapais,90,CA,61,49.78,15.8,4.7
539,Ovalle,8,CL,83,-30.6,66.59,2.82
540,Vilyuysk,0,RU,64,63.75,-8.66,2.59
541,Santa Marta,75,CO,55,11.24,86,16.11
542,Inuvik,20,CA,50,68.36,5,8.05
543,Airai,12,TL,84,-8.93,76.04,1.92
544,Shimanovsk,0,RU,68,52,11.15,2.48
545,Tazovskiy,56,RU,96,67.47,16.19,16.02
546,Caravelas,0,BR,100,-17.73,83.78,15.79
547,Mbengwi,88,CM,70,6,67.98,3.04
548,Palana,20,RU,56,59.08,5.16,3.38
549,Bikaner,92,IN,70,28.02,62.31,6.17
550,North Mankato,90,US,78,44.17,10.99,16.11
551,Saint-Pierre,0,FR,87,48.95,48.2,13.87
552,Vaitape,56,PF,100,-16.52,83.96,5.28
553,Shubarkuduk,88,KZ,93,49.15,31.49,18.03
554,Turbat,0,PK,85,26,45.53,2.71
555,Half Moon Bay,90,US,100,37.46,62.01,9.17
556,Tacoronte,64,ES,87,28.48,64,5.82
557,Preobrazheniye,0,RU,71,42.9,34.14,2.82
558,Port Hueneme,75,US,82,34.15,63,10.29
